﻿<parameters>
	<!--  MediaWiki parameters.xml file -->
	<!-- Hallo Welt! Medienwerkstatt GmbH, http://www.hallowelt.biz -->

	<!--  One of the new features provides for localization of text
		strings within the parameters.xml file.  This localization can
		be applied to "description" and "friendlyName" attributes of a
		parameter.

		NOTE: There are a few parameters for mediawiki which are not
		in the list of well known parameters.  These parameters have
		English descriptions and friendlyNames only.
	-->

	<parameter
		name="AppPath"
		defaultValue="Default Web Site/mediawiki"
		tags="iisapp" >

		<parameterEntry
			type="ProviderPath"
			scope="iisapp"
			match="mediawiki" />
		<parameterEntry
			type="ProviderPath"
			scope="setacl"
			match="mediawiki" />
		<!--
		<parameterEntry
			type="ProviderPath"
			scope="alias"
			match="mediawiki" /> -->
		<parameterEntry
			type="TextFile"
			scope="WpiSettings.php"
			match="PlaceholderForScriptPath" />

	</parameter>
  
  <parameter name="Site URL" description="The base URL of the server, including protocol and without the trailing slash ( i.e., http://localhost:80 )" defaultValue="http://localhost" tags="AppURL">
    <parameterValidation
      type="RegularExpression"
      validationString="^[^\\'$]*$"
      />
  </parameter>
  <parameter name="Automatic Site URL PostInstall" defaultValue='$wgServer  = "{Site URL}";' tags="Hidden" >
    <parameterEntry type="TextFile" scope="\\LocalSettings.php$" match='\$wgServer\s*=\s*"([^"]*)";' />
  </parameter>
  
	<parameter
		name="DbServer"
		defaultValue="localhost"
		tags="MySQL,dbServer" >

		
		<parameterEntry
			type="TextFile"
			scope="install.sql"
			match="PlaceholderForDbServer" />
			
		<parameterEntry
			type="TextFile"
			scope="WpiSettings.php"
			match="PlaceholderForDbServer" />

	</parameter>
	<parameter name="Automatic Dbserver" defaultValue ='$wgDBserver = "{DbServer}";' tags="MySQL,Hidden">
		<parameterEntry type="TextFile" scope="\\LocalSettings.php" match='\$wgDBserver\s*=\s*"([^"]*)";' />
	</parameter>
	<!-- This parameter prompts the user for the database name. We have
		set a validation RegEx on this parameter, as MySQL will not accept
		a username that has more than 16 characters.
	-->
	
	<parameter
		name="DbName"
		defaultValue="wikidb"
		tags="MySQL,dbName" >

		<parameterValidation
			type="RegularExpression"
			validationString="^\w{1,16}$" />

		<parameterEntry
			type="TextFile"
			scope="install.sql"
			match="PlaceholderForDbName" />
			
		<parameterEntry
			type="TextFile"
			scope="WpiSettings.php"
			match="PlaceholderForDbName" />

	</parameter>
	<parameter name="Automatic Dbname" defaultValue ='$wgDBname  = "{DbName}";' tags="MySQL,Hidden" >
		<parameterEntry type="TextFile" scope="\\LocalSettings.php" match='\$wgDBname\s*=\s*"([^"]*)";' />
	</parameter>
	
	<!-- This parameter prompts the user for the database table prefix. We have
		set a validation RegEx on this parameter.
	-->
	
	<parameter
		name="Database table prefix"
		defaultValue="mw_"
		tags="MySQL,NoStore" 
		friendlyName="Database table prefix"
		description="Please provide a table prefix if you are using several web platforms in one database. Use only ASCII letters (a-z, A-Z), numbers (0-9), underscores (_) and hyphens (-)." >

    <parameterValidation
      type="RegularExpression"
      validationString="^[a-zA-Z0-9_-]*$"
      />

		<parameterEntry
			type="TextFile"
			scope="WpiSettings.php"
			match="PlaceholderForDbPrefix" />
		<!--
		<description culture="en">Please provide a table prefix if you are using several web platforms in one database. Use only ASCII letters (a-z, A-Z), numbers (0-9), underscores (_) and hyphens (-).</description>
		<description culture="de">Bitte geben Sie ein Tabellenpräfix an, wenn Sie mehrere Webplattformen in einer Datenbank nutzen wollen. Es dÃ¼rfen nur ASCII-codierte Buchstaben (a-z, A-Z), Zahlen (0-9), Unter- (_) sowie Bindestriche (-) verwendet werden.</description>
		<friendlyName culture="en">Database table prefix</friendlyName>
		<friendlyName culture="de">DatenbanktabellenprÃ¤fix</friendlyName>
		-->	
	</parameter>
  <!--
	<parameter name="Automatic Dbprefix" defaultValue ='$wgDBprefix  = "{DbPrefix}";' tags="MySQL,Hidden" >
		<parameterEntry type="TextFile" scope="\\LocalSettings.php" match='\$wgDBprefix\s*=\s*"([^"]*)";' />
	</parameter>
  -->

	<!-- This parameter prompts the user for the database username. We
		have set a validation RegEx on this parameter, as MySQL will not
		accept a username that has more than 16 characters.
	-->
	
	<parameter
		name="DbUsername"
		defaultValue="wikiuser"
		tags="MySQL,DbUsername" >

		<parameterValidation
			type="RegularExpression"
			validationString="^\w{1,16}$" />

		<parameterEntry
			type="TextFile"
			scope="install.sql"
			match="PlaceholderForDbUsername" />
			
		<parameterEntry
			type="TextFile"
			scope="WpiSettings.php"
			match="PlaceholderForDbUsername" />

	</parameter>
	<parameter name="Automatic DbUsername" defaultValue ='$wgDBuser  = "{DbUsername}";' tags="MySQL,Hidden" >
		<parameterEntry type="TextFile" scope="\\LocalSettings.php" match='\$wgDBuser\s*=\s*"([^"]*)";' />
	</parameter>
	<!-- This parameter prompts the user for the database user's password.
	-->

	<parameter
		name="DbPassword"
		tags="New,Password,MySQL,DbUserPassword" >

		<parameterEntry
			type="TextFile"
			scope="install.sql"
			match="PlaceholderForDbPassword" />

		<parameterEntry
			type="TextFile"
			scope="WpiSettings.php"
			match="PlaceholderForDbPassword" />

	</parameter>

	<parameter name="Automatic DbPassword" defaultValue ='$wgDBpassword  = "{DbPassword}";' tags="MySQL,Hidden">
		<parameterEntry type="TextFile" scope="\\LocalSettings.php" match='\$wgDBpassword\s*=\s*"([^"]*)";' />
	</parameter>

	<!-- Prompts for the admin creds and uses it for the administrator
		connection string. This is used to create a login and assign
		permissions. The MySQL tag indicates it is a parameter required
		for MySQL.  The DbAdminUsername tag indicates it should be used
		when the user is creating a new database. If they're not, it
		can be filled in with the DbUsername value.  The UI should be
		able to figure out whether or not the user needs to be prompted
		for this.
	-->

	<parameter
		name="DbAdminUsername"
		defaultValue="root"
		tags="MySQL,DbAdminUsername" >
		
		<parameterEntry
			type="TextFile"
			scope="WpiSettings.php"
			match="PlaceholderForDbAdminUsername" />

	</parameter>

	<!-- Prompts for the admin password and uses it for the administrator
		 connection string.
	-->

	<parameter
		name="DbAdminPassword"
		tags="Password,MySQL,DbAdminPassword" >
		
		<parameterEntry
			type="TextFile"
			scope="WpiSettings.php"
			match="PlaceholderForDbAdminPassword" />

	</parameter>

	<parameter
		name="Connection String"
		defaultValue="Server={DbServer};Database={DbName};uid={DbAdminUsername};Pwd={DbAdminPassword};"
		tags="Hidden,MySQLConnectionString,Validate,MySQL" >

		<parameterEntry
			type="ProviderPath"
			scope="dbmysql"
			match="install.sql" />

	</parameter>


	<!-- MediaWiki specific parameters -->

	<!-- Set the correct path for the ACL based on the AppPath selected
		by the user.
	-->

	<parameter
		name="SetAclParameter1"
		defaultValue="{AppPath}/images"
		tags="Hidden" >

		<parameterEntry
			type="ProviderPath"
			scope="setAcl"
			match="mediawiki/images$" />

	</parameter>
	
	<parameter
		name="Name of wiki"
		friendlyName="Name of wiki"
		description="Please provide a name for your MediaWiki site. It should not be MediaWiki."
		defaultValue="MyWiki"
		tags="NoStore">
		
		<!--
		<description 
		culture="en">Please provide a name for your MediaWiki site. It should not be MediaWiki.</description>
		<description 
		culture="de">Bitte geben Sie einen Namen für Ihre MediaWiki-Site ein. Es sollte nicht sein MediaWiki.</description>
		<friendlyName 
		culture="en">Name of wiki</friendlyName>
		<friendlyName 
		culture="de">Name des Wikis</friendlyName>
		-->
		
		<!-- Sitename must not be "MediaWiki" -->
		<parameterValidation
			type="RegularExpression"
			validationString="^((?!^\s*[M|m]edia[W|w]iki\s*$)[^\\'$])*$" />

		<parameterEntry
			type="TextFile"
			scope="WpiSettings.php"
			match="PlaceholderForSitename" />

	</parameter>
	
	<parameter
		tags="NoStore"
		name="language"
		defaultValue="en"
		friendlyName="MediaWiki site language"
		description="Please provide a default language for your MediaWiki site." >
		<!--
		<description culture="en">Please provide a default language for your MediaWiki site.</description>
		<description culture="de">Bitte geben Sie eine Standardsprache für Ihre MediaWiki-Site ein.</description>
		<friendlyName culture="en">MediaWiki site language</friendlyName>
		<friendlyName culture="de">MediaWiki Standardsprache</friendlyName>
		-->
		
		<parameterValidation
			type="Enumeration" validationString="de,en" />

		<parameterEntry
			type="TextFile"
			scope="WpiSettings.php"
			match="PlaceholderForLanguage" />

	</parameter>
	
	<parameter
		tags="NoStore"
		name="MediaWiki administrator name"
		defaultValue="WikiSysop"
		friendlyName="Name for MediaWiki administrator"
		description="Please provide a name for your MediaWiki administrator account." >
		<!--
		<description culture="en">Please provide a name for your MediaWiki administrator account.</description>
		<description culture="de">Bitte geben Sie einen Namen für Ihren MediaWiki Administratoraccount ein.</description>
		<friendlyName culture="en">MediaWiki administrator name</friendlyName>
		<friendlyName culture="de">MediaWiki Administrator name</friendlyName>
		-->
    <parameterValidation
      type="RegularExpression"
      validationString="^[^\\'$@]{1,235}$"
      />

		<parameterEntry
			type="TextFile"
			scope="WpiSettings.php"
			match="PlaceholderForAdminname" />

	</parameter>
	
	<parameter
		tags="NoStore,Password,New"
		name="MediaWiki administrator password"
		defaultValue=""
		friendlyName="Password for MediaWiki administrator"
		description="Please provide a password for your MediaWiki administrator account. Your password must be different from your username." >
		<!--		
		<description culture="en">Please provide a password for your MediaWiki administrator account. Your password must be different from your username.</description>
		<description culture="de">Bitte geben Sie eine Passwort für Ihren MediaWiki Administratoraccount ein. Ihr Passwort muss mit dem Benutzernamen sein.</description>
		<friendlyName culture="en">MediaWiki administrator password</friendlyName>
		<friendlyName culture="de">MediaWiki Administrator Passwort</friendlyName>
		-->
    <parameterValidation
      type="RegularExpression"
      validationString="^[^\\'$]*$"
      />

		<parameterEntry
			type="TextFile"
			scope="WpiSettings.php"
			match="PlaceholderForAdminpass" />

	</parameter>
  
  <!-- option to enable file upload on mediawiki -->
  <parameter 
    name="Enable MediaWiki file upload" 
    defaultValue="No" 
    friendlyName="Enable MediaWiki file upload" 
    tags="NoStore" 
    description="Select this if you want to enable MediaWiki file upload.">
	<!--
    <description culture="en">Select this if you want to enable MediaWiki file upload.</description>
    <description culture="de">Haken setzen, wenn Sie den Dateiupload in MediaWiki aktivieren wollen.</description>
    <friendlyName culture="en">Enable MediaWiki file upload</friendlyName>
    <friendlyName culture="de">MediaWiki Dateiupload aktivieren</friendlyName>
 	-->   
    <parameterValidation
			type="Enumeration"
      validationString="Yes,No" />
    
    <parameterEntry
			type="TextFile"
			scope="WpiSettings.php"
			match="PlaceholderForFileUpload" />
  </parameter>
  
  <!-- Azure specific parameters -->
	<parameter
		tags="Azure,NoStore"
		name="Use Windows Azure storage as file backend"
		defaultValue="No"
		friendlyName="Use Windows Azure as file backend"
		description="Select this if you want to use Windows Azure as file backend" >
		<!--		
		<description culture="en">Select this if you want to use Windows Azure as file backend.</description>
		<description culture="de">Haken setzen, wenn Sie Windows Azure als Speicherort für Dateien vewenden wollen.</description>
		<friendlyName culture="en">Use Windows Azure storage as file backend</friendlyName>
		<friendlyName culture="de">Verwenden Sie Windows Azure-Speicher als File-Backend</friendlyName>
		-->
		<!-- Renders as checkbox -->
		<parameterValidation
			type="Enumeration"
      validationString="Yes,No" />

		<parameterEntry
			type="TextFile"
			scope="WpiSettings.php"
			match="PlaceholderForUseAzure" />

	</parameter>
	
  <!-- No space is allowed in Windows Azure storage account name, so default value without space -->
	<parameter
	tags="Azure,NoStore"
		name="Windows Azure storage account name"
		defaultValue="accountname"
		friendlyName="Windows Azure storage account name"
		description="Please provide your Windows Azure storage account name. If you do not want to use Windows Azure as FileBackend for your MediaWiki you can leave this field unmodified." >
	<!--
    <description culture="en">Please provide your Windows Azure storage account name. If you do not want to use Windows Azure as FileBackend for your MediaWiki you can leave this field unmodified.</description>
    <description culture="de">Bitte geben Sie Ihre Windows Azure-Speicherkonto Name. Wenn Sie Windows Azure nicht als Dateispeicherort für Ihre MediaWiki-Installation nutzen wollen können Sie den Wert unverändert lassen.</description>
		<friendlyName culture="en">Windows Azure storage account name</friendlyName>
		<friendlyName culture="de">Windows Azure-Speicherkonto Name</friendlyName>
	-->
    <parameterValidation
      type="RegularExpression"
      validationString="^[a-z0-9]{3,24}$"
      />
    
		<parameterEntry
			type="TextFile"
			scope="WpiSettings.php"
			match="PlaceholderForAzureAccount" />

	</parameter>
	
	<parameter
		tags="Azure,NoStore"
		name="Windows azure storage account key"
		defaultValue="accountkey"
		friendlyName="Windows azure storage account key"
		description="Please provide your Windows azure storage account key. If you do not want to use Windows Azure as FileBackend for your MediaWiki you can leave this field unmodified." >
	<!--
    <description culture="en">Please provide your Windows azure storage account key. If you do not want to use Windows Azure as FileBackend for your MediaWiki you can leave this field unmodified.</description>
    <description culture="de">Bitte geben Sie Ihre Windows Azure-Speicherkonto Schlüssel. Wenn Sie Windows Azure nicht als Dateispeicherort für Ihre MediaWiki-Installation nutzen wollen können Sie den Wert unverändert lassen.</description>
		<friendlyName culture="en">Windows azure storage account key</friendlyName>
		<friendlyName culture="de">Windows Azure-Speicherkonto Schlüssel</friendlyName>
	-->
    <parameterValidation
      type="RegularExpression"
      validationString="^[^\\'$]*$"
      />

		<parameterEntry
			type="TextFile"
			scope="WpiSettings.php"
			match="PlaceholderForAzureKey" />

	</parameter>

  <parameter
		tags="NoStore"
		name="Wiki ID"
		defaultValue="mywiki"
		friendlyName="Wiki ID (Prefix to container names that is unique to this wiki)"
		description="Prefix to container names that is unique to this wiki. Container names must start with a letter or number, and can contain only letters, numbers, and the dash (-) character. Every dash (-) character must be immediately preceded and followed by a letter or number, consecutive dashes are not permitted in container names. All letters in a container name must be lowercase. Container names must be from 3 through 63 characters long. This prefix must be from 3 through 30 characters long." >
	<!--
    <description culture="en">Prefix to container names that is unique to this wiki. Container names must start with a letter or number, and can contain only letters, numbers, and the dash (-) character. Every dash (-) character must be immediately preceded and followed by a letter or number, consecutive dashes are not permitted in container names. All letters in a container name must be lowercase. Container names must be from 3 through 63 characters long. This prefix must be from 3 through 30 characters long.</description>
    <description culture="de">Präfix für Container-Namen, die einzigartig in diesem Wiki ist. Container müssen mit einem Buchstaben oder einer Zahl beginnen und dürfen nur Buchstaben, Ziffern und den Bindestrich (-) enthalten Charakter. Jeder Strich (-) Zeichen unmittelbar vorausgehen muss und durch einen Buchstaben oder eine Zahl gefolgt, werden aufeinanderfolgende Striche nicht in Container-Namen erlaubt. Alle Buchstaben in einem Container-Name muss in Kleinbuchstaben geschrieben sein. Container-Namen müssen aus 3 bis 63 Zeichen lang sein. Dieses Präfix muss zwischen 3 und 30 Zeichen lang sein.</description>
    <friendlyName culture="en">Wiki ID (Prefix to container names that is unique to this wiki)</friendlyName>
    <friendlyName culture="de">Wiki-ID (Präfix Container-Namen, die eindeutig zu diesem Wiki ist)</friendlyName>
    -->
    <!-- limiting the container prefix length to 30 -->
    <parameterValidation
			type="RegularExpression"
			validationString="(^([a-z]|\d))((-([a-z]|\d)|([a-z]|\d)){2,30})$" />
    
    <parameterEntry
			type="TextFile"
			scope="WpiSettings.php"
			match="PlaceholderForWikiId" />

  </parameter>

</parameters>
