<parameters>
	<parameter name="AppPath"
		defaultValue="Default Web Site/Moodle"
		tags="iisapp" >
		
		<parameterEntry
			type="ProviderPath"
			scope="iisapp"
			match="moodle" />
	</parameter>
	
	
	<parameter name="SetAcl Parameter 1"
		defaultValue="{AppPath}/moodledata"
		tags="Hidden" >
		
		<parameterEntry
			type="ProviderPath"
			scope="setAcl"
			match="moodle/moodledata$" />
	</parameter>
	
	
	<parameter name="passwordsalt"
		description="This is used as the Password Salt in Moodle - you should use a mix of letters, numbers and other characters. The Moodle Salt Generator may be used to obtain a suitable long random string. A string length of at least 40 characters is recommended."
		tags="" >
		
		<parameterValidation
			type="RegularExpression"
			validationString="(?=^.{8,}$)(?!.*[\.\'\n])(?=.*[A-Z])(?=.*[a-z])((?=.*\d)|(?=.*\W)).*$" />
	</parameter>
	
	<parameter name="passwordsaltConfigFile"
		tags="Hidden"
		defaultValue="$CFG->passwordsaltmain = '{passwordsalt}' ;" >
		
		<parameterEntry
			type="TextFile"
			scope="\\config\.php$"
			match="\$CFG->passwordsaltmain\s*=\s*'[^']*'\s*;" />
	</parameter>
	
	
	<parameter name="urlConfigFile"
		defaultValue="$app = &quot;http://$-FOOsep-_SERVER[HTTP_HOST]&quot;;"
		tags="Hidden" >
		
		<parameterEntry
			type="TextFile"
			scope="\\config\.php$"
			match="\$app\s*=\s*'[^']*'\s*;" />
	</parameter>
	
	
	<parameter name="config file hack fix"
		defaultValue=""
		tags="hidden" >
		
		<parameterEntry
			kind="TextFile"
			scope="\\config\.php$"
			match="-FOOsep-" />
	</parameter>
	
	
	<parameter name="disable forced session.save_handler setting"
		defaultValue="//ini_set('session.save_handler"
		tags="hidden" >
		
		<parameterEntry
			kind="TextFile"
			scope="\\lib\\classes\\session\\file\.php$"
			match="ini_set\('session\.save_handler" />
	</parameter>
	
	
<!-- Database Parameters -->
	<parameter name="DbServer"
		description="This is usually localhost or a host name provided by the hosting provider."
		defaultValue="localhost"
		tags="MySQL, dbServer" >
		
		<parameterEntry
			type="TextFile"
			scope="install.sql"
			match="PlaceHolderForDbServer" />
	</parameter>
	
	
	<parameter name="DbName"
		defaultValue="moodledb"
		tags="MySQL, DbName" >
	 
		<parameterEntry
			type="TextFile"
			scope="install.sql"
			match="PlaceHolderForDbName" />
	</parameter>
	
	
	<parameter name="DbUsername"
		defaultValue="moodleuser"
		tags="MySQL, DbUsername" >
		
		<parameterEntry
			type="TextFile"
			scope="install.sql"
			match="PlaceHolderForDbUser" />
	</parameter>
	
	
	<parameter name="DbPassword"
		tags="New, Password, MySQL, DbUserPassword" >
		
		<parameterValidation
			type="RegularExpression"
			validationString="(?=^.{8,}$)(?!.*[\.\'\n])(?=.*[A-Z])(?=.*[a-z])((?=.*\d)|(?=.*\W)).*$" />
		
		<parameterEntry
			type="TextFile"
			scope="install.sql"
			match="PlaceHolderForDbPassword" />
	</parameter>
	
	
	<parameter
		name="DbServerConfigFile"
		defaultValue="$CFG->dbhost    = '{DbServer}';"
		tags="Hidden, MySQL" >
		
		<parameterEntry
			kind="TextFile"
			scope="\\config\.php$"
			match="\$CFG->dbhost\s*=\s*'[^']*'\s*;" />
	</parameter>
	
	
	<parameter
		name="DbNameConfigFile"
		defaultValue="$CFG->dbname    = '{DbName}';"
		tags="Hidden, MySQL" >
		
		<parameterEntry
			kind="TextFile"
			scope="\\config\.php$"
			match="\$CFG->dbname\s*=\s*'[^']*'\s*;" />
	</parameter>
	
	
	<parameter
		name="DbUsernameConfigFile"
		defaultValue="$CFG->dbuser    = '{DbUsername}';"
		tags="Hidden, MySQL" >
		
		<parameterEntry
			kind="TextFile"
			scope="\\config\.php$"
			match="\$CFG->dbuser\s*=\s*'[^']*'\s*;" />
	</parameter>
	
	
	<parameter
		name="DbPasswordConfigFile"
		defaultValue="$CFG->dbpass    = '{DbPassword}';"
		tags="Hidden, MySQL" >
		
		<parameterEntry
			kind="TextFile"
			scope="\\config\.php$"
			match="\$CFG->dbpass\s*=\s*'[^']*'\s*;" />
	</parameter>
	
	
	<parameter name="DbAdmin"
		description="This can be the default MySQL username root, a username provided by your hosting provider, or one that you created in setting up your database server. "
		defaultValue="root"
		tags="MySQL, DbAdminUsername" >
	</parameter>
	
	
	<parameter name="DbAdminPassword"
		description="Using a password for the MySQL account is mandatory for site security. This is the same password used to access your database. This may be predefined by your hosting provider. "
		tags="Password, MySQL, DbAdminPassword" >
	</parameter>
	
	
	<parameter name="ConnectionString"
		defaultValue="Server={DbServer};Database={DbName};uid={DbAdmin};Pwd={DbAdminPassword};"	
		tags="Hidden,MySQLConnectionString" >
		
		<parameterEntry
			type="ProviderPath"
			scope="dbmysql"
			match="install.sql" />
	</parameter>
</parameters>
