﻿<WebPlatform>
	<Links>
		<AddLink InDashboard="True">
			<Title>Start Here</Title>
			<Description>Configure Moodle the way you want it.</Description>
			<Uri>/admin/index.php</Uri>
			<ImageUri>http://moodle.org/theme/moodleofficial/pix/about.gif</ImageUri>
		</AddLink>
		<AddLink InDashboard="True" InLearn="True">
			<Title>About Moodle</Title>
			<Description>Moodle is an Open Source Course Management System (CMS). Educators around the world use it as a tool for creating online dynamic web sites for their students.</Description>
			<Uri>http://moodle.org/about</Uri>
			<ImageUri>http://moodle.org/theme/moodleofficial/pix/about.gif</ImageUri>
		</AddLink>
		<AddLink InDashboard="True" InLearn="True">
			<Title>Moodle News</Title>
			<Description>Hot out of the press... Don't miss the latest from our news blogs and forums. Remember to subscribe to our news feed.</Description>
			<Uri>http://moodle.org/news</Uri>
			<ImageUri>http://moodle.org/theme/moodleofficial/pix/news.gif</ImageUri>
		</AddLink>
		<AddLink InDashboard="True" InLearn="True">
			<Title>Moodle Support - You are not alone! There are a variety of ways to get help with Moodle if you need it.</Title>
			<Description>Find: a complete documentation library, forums, references to books and manuals, and commercial services through Moodle Partners.</Description>
			<Uri>http://moodle.org/support</Uri>
			<ImageUri>http://moodle.org/theme/moodleofficial/pix/support.gif</ImageUri>
		</AddLink>
		<AddLink InDashboard="True">
			<Title>Community - Moodle has a large and diverse user community.</Title>
			<Description>Find: Forums, Events, Jobs and information about existing sites</Description>
			<Uri>http://moodle.org/community</Uri>
			<ImageUri>http://moodle.org/theme/moodleofficial/pix/community.gif</ImageUri>
		</AddLink>
		<AddLink InDashboard="True">
			<Title>Moodle Development</Title>
			<Description>An open development process that invites the whole user community to contribute. We welcome PHP programmers of course, but you can also contribute through discussions, testing, feedback and documentation.</Description>
			<Uri>http://moodle.org/development</Uri>
			<ImageUri>http://moodle.org/theme/moodleofficial/pix/development.gif</ImageUri>
		</AddLink>
		<AddLink InDashboard="True">
			<Title>Moodle Plugins Directory</Title>
			<Description>This is our new Plugins Directory designed to help you find new features to add to Moodle.</Description>
			<Uri>http://moodle.org/plugins</Uri>
			<ImageUri>http://moodle.org/pluginfile.php/50/local_plugins/category_defaultlogo/18/orange-3d-puzzle-piece.jpg</ImageUri>
		</AddLink>
	</Links>
	
	<Ribbon>
		<AddRibbonButton>
			<Label>Site Admin</Label>
			<Uri>/admin/index.php</Uri>
			<ImageUri>http://moodle.org/theme/moodleofficial/pix/about.gif</ImageUri>
		</AddRibbonButton>
		<AddRibbonButton>
			<Label>Moodle Support</Label>
			<Uri>http://moodle.org/support</Uri>
			<ImageUri>http://moodle.org/theme/moodleofficial/pix/support.gif</ImageUri>
		</AddRibbonButton>
		<AddRibbonButton>
			<Label>Moodle Plugins Directory</Label>
			<Uri>http://moodle.org/plugins</Uri>
			<ImageUri>http://moodle.org/pluginfile.php/50/local_plugins/category_defaultlogo/18/orange-3d-puzzle-piece.jpg</ImageUri>
		</AddRibbonButton>
	</Ribbon>
	
	<PathProtection>
		<AllowPath AllowNested="False">
			<RelativePath>web.config</RelativePath>
		</AllowPath>
		<ProtectPath>
			<RelativePath>admin</RelativePath>
		</ProtectPath>
		<ProtectPath>
			<RelativePath>backup</RelativePath>
		</ProtectPath>
		<ProtectPath>
			<RelativePath>lib</RelativePath>
		</ProtectPath>
		<ProtectPath>
			<RelativePath>course</RelativePath>
		</ProtectPath>
		<ProtectPath>
			<RelativePath>files</RelativePath>
		</ProtectPath>
		<ProtectPath>
			<RelativePath>grade</RelativePath>
		</ProtectPath>
		<ProtectPath>
			<RelativePath>group</RelativePath>
		</ProtectPath>
		<ProtectPath>
			<RelativePath>message</RelativePath>
		</ProtectPath>
		<ProtectPath>
			<RelativePath>mnet</RelativePath>
		</ProtectPath>
		<ProtectPath>
			<RelativePath>report</RelativePath>
		</ProtectPath>
		<ProtectPath>
			<RelativePath>user</RelativePath>
		</ProtectPath>
	</PathProtection>
</WebPlatform>
