﻿<?xml version="1.0" encoding="utf-8"?>
<WebPlatform>
  <Links>
    <AddLink InDashboard="True" InLearn="True">
      <Title>Getting Started with Joomla!</Title>
      <Description>New to working with Joomla? New terminology, new ways of doing things, perhaps even the web itself may be new to you. Let this guide relieve some of the pain.</Description>
      <Uri>http://docs.joomla.org/Getting_Started_with_Joomla!</Uri>
      <ImageUri>http://www.microsoft.com/web/handlers/webpi.ashx?command=getimage&amp;guid=102c7d7b-de91-4f0e-b9ad-efb47eef8a74</ImageUri>
    </AddLink>
    <AddLink InDashboard="True" InLearn="True">
      <Title>Joomla! Official News</Title>
      <Description>This is where you'll hear the latest Joomla! updates and announcements.</Description>
      <Uri>http://www.joomla.org/announcements.html</Uri>
      <ImageUri>http://www.microsoft.com/web/handlers/webpi.ashx?command=getimage&amp;guid=102c7d7b-de91-4f0e-b9ad-efb47eef8a74</ImageUri>
    </AddLink>
    <AddLink InDashboard="True">
      <Title>Joomla! Discussion Forums</Title>
      <Description>The forums are where to meet other community members, get help, and help others.</Description>
      <Uri>http://forum.joomla.org/</Uri>
      <ImageUri>http://www.microsoft.com/web/handlers/webpi.ashx?command=getimage&amp;guid=102c7d7b-de91-4f0e-b9ad-efb47eef8a74</ImageUri>
    </AddLink>
    <AddLink InDashboard="True">
      <Title>Joomla! Extension Directory</Title>
      <Description>Over 8500 extensions are available to customize your Joomla! installation.</Description>
      <Uri>http://extensions.joomla.org/</Uri>
      <ImageUri>http://www.microsoft.com/web/handlers/webpi.ashx?command=getimage&amp;guid=102c7d7b-de91-4f0e-b9ad-efb47eef8a74</ImageUri>
    </AddLink>    
  </Links>

  <PathProtection>
    <AllowPath>
      <RelativePath>images</RelativePath>
    </AllowPath>
	<AllowPath>
      <RelativePath>templates</RelativePath>
    </AllowPath>
    <AllowPath AllowNested="False">
      <RelativePath>configuration.php</RelativePath>
    </AllowPath>
    <ProtectPath>
      <RelativePath>*</RelativePath>
    </ProtectPath>
  </PathProtection>

</WebPlatform>


